{
  "config": {
    "vocab_size": 32000,
    "d_model": 512,
    "n_heads": 8,
    "n_layers": 12,
    "seq_len": 512,
    "batch_size": 1,
    "lr": 0.0001,
    "num_samples": 50,
    "benchmark_steps": 10,
    "world_size": 2
  },
  "model_parameters": 70859776,
  "model_size_gb": 0.283439104,
  "timing_results": {
    "avg_step_time": 0.09840257167816162,
    "avg_forward_time": 0.0295609712600708,
    "avg_backward_time": 0.003081059455871582,
    "avg_comm_time": 0.03125123977661133,
    "avg_optimizer_time": 0.028742027282714844,
    "communication_percentage": 31.75856000879994,
    "throughput_samples_per_sec": 20.324672067933953
  },
  "communication_analysis": {
    "avg_bytes_transferred_mb": 283.439104,
    "communication_overhead_percent": 31.75856000879994
  },
  "raw_measurements": {
    "step_times": [
      0.14685273170471191,
      0.15900254249572754,
      5.416326522827148,
      0.1341996192932129,
      -5.642377138137817,
      0.13824033737182617,
      0.13900065422058105,
      0.16443943977355957,
      0.15465426445007324,
      0.17368674278259277
    ],
    "comm_times": [
      0.024965524673461914,
      0.049597978591918945,
      0.021664857864379883,
      0.02398371696472168,
      0.02211618423461914,
      0.023373126983642578,
      0.02545785903930664,
      0.03958606719970703,
      0.04271197319030762,
      0.03905510902404785
    ],
    "forward_times": [
      0.029657840728759766,
      0.025218486785888672,
      0.030300378799438477,
      0.02736949920654297,
      0.027774810791015625,
      0.02730083465576172,
      0.02907085418701172,
      0.039633989334106445,
      0.0256650447845459,
      0.03361797332763672
    ],
    "backward_times": [
      0.057021141052246094,
      0.04844546318054199,
      5.331655263900757,
      0.04936552047729492,
      -5.725014686584473,
      0.05459928512573242,
      0.050591230392456055,
      0.048131465911865234,
      0.05094480514526367,
      0.06507110595703125
    ],
    "optimizer_times": [
      0.03002476692199707,
      0.028704404830932617,
      0.0283048152923584,
      0.028203487396240234,
      0.02828359603881836,
      0.02852797508239746,
      0.02870917320251465,
      0.028670072555541992,
      0.02955317497253418,
      0.028438806533813477
    ]
  }
}