{
  "config": {
    "vocab_size": 32000,
    "d_model": 512,
    "n_heads": 8,
    "n_layers": 12,
    "seq_len": 512,
    "batch_size": 1,
    "lr": 0.0001,
    "num_samples": 50,
    "benchmark_steps": 10,
    "world_size": 2
  },
  "model_parameters": 70859776,
  "model_size_gb": 0.283439104,
  "timing_results": {
    "avg_step_time": 0.11916458606719971,
    "avg_forward_time": 0.023867225646972655,
    "avg_backward_time": 0.04349462985992432,
    "avg_comm_time": 0.02128157615661621,
    "avg_optimizer_time": 0.026605391502380372,
    "communication_percentage": 17.858977116418657,
    "throughput_samples_per_sec": 16.783509816181066
  },
  "communication_analysis": {
    "avg_bytes_transferred_mb": 283.439104,
    "communication_overhead_percent": 17.858977116418657
  },
  "raw_measurements": {
    "step_times": [
      0.1246633529663086,
      0.12192249298095703,
      0.11749887466430664,
      0.12640953063964844,
      0.11345386505126953,
      0.11289381980895996,
      0.11741924285888672,
      0.12222766876220703,
      0.11412954330444336,
      0.12102746963500977
    ],
    "comm_times": [
      0.019188404083251953,
      0.01920461654663086,
      0.020303726196289062,
      0.03020787239074707,
      0.01740884780883789,
      0.017473459243774414,
      0.021509885787963867,
      0.025185108184814453,
      0.018368959426879883,
      0.023964881896972656
    ],
    "forward_times": [
      0.025930166244506836,
      0.024302005767822266,
      0.024141311645507812,
      0.02315688133239746,
      0.023102283477783203,
      0.023510456085205078,
      0.023069143295288086,
      0.024290800094604492,
      0.023436546325683594,
      0.023732662200927734
    ],
    "backward_times": [
      0.04583120346069336,
      0.04482150077819824,
      0.043328285217285156,
      0.04299116134643555,
      0.043378353118896484,
      0.042942047119140625,
      0.042856693267822266,
      0.04278683662414551,
      0.04314398765563965,
      0.04286623001098633
    ],
    "optimizer_times": [
      0.030081748962402344,
      0.029904842376708984,
      0.025842905044555664,
      0.025615215301513672,
      0.025806188583374023,
      0.02573847770690918,
      0.025790929794311523,
      0.025660991668701172,
      0.025750160217285156,
      0.025862455368041992
    ]
  }
}